n	reviewId	meaningSha256	ref	original	meaning	evidence	strongLemma	glossLocator
1	d75927928f88069a4dd6d24fb38bc0f630e1e643c2d28e8e4f7e9c6a6c53331f	sha256:a3aa52e45b08465f5d1a790625cc3c17c2fb5d390b58dd1c9f01048a2042fa83	Matei 1:1-17	βίβλος γενέσεως	carte a obârșiei sau a genealogiei; literal, «carte» + «origine/naștere».	unique	G0976 + G1078 βίβλος γένεσις	book; origin @ TBESG line 1098 + TBESG line 1204
2	86f42d1b3981dced999f41e40465bf155e6d942baade11fba60e8e7e67a044c6	sha256:67be0b62df9a915c5200996f02d0f2c9a8a7b3751fd05be07f65ff5404c2fd2b	Matei 1:1-17	Χριστός	Unsul; ca titlu, Mesia sau Hristosul.	unique	G5547 Χριστός	Christ @ TBESG line 5715
3	e4eed847288063e8cc34ab28dce77dee6a6f4c16bb3f676bde2bb776200ad8ac	sha256:52c2d8a611a0699d382401d3a2a809f1ad88e34c7243decfb18cec006f103d43	Matei 1:18-25	Ἰησοῦς	Isus; forma grecească a numelui Iosua/Ieșua.	unique	G2424 Ἰησοῦς	Jesus / Joshua @ TBESG lines 2577-2581
4	6ec7535761a4cce359e2fe9d01e083ace706abf12ab57704843a42dc1decc989	sha256:2c914a1ce2c917bd40f6584388cb6b2baf9eaf5e84210cbfc34b3f50a8b58721	Matei 1:18-25	Ἐμμανουήλ	Emanuil; nume transliterat, explicat în Matei 1:23 prin «Dumnezeu este cu noi».	unique	G1694 Ἐμμανουήλ	Immanuel @ TBESG line 1835
5	86ce0085657a93cccb8543ffb1af303361f03e374e4c056a058759ccc6da3594	sha256:829a6197644c6a6f0a43dabc0eb90a2e931eb5937da6908cc76c2b369702c9dc	Matei 2:1-12	μάγοι	magi; înțelepți sau savanți.	unique	G3097 μάγος	sage @ TBESG line 3299
6	4b086fe0ad036d2aff6eae5cc70d041217ed5222e6c273278074a29a95ee9909	sha256:6f7f356c278d9d2fceb29b34ff0facb7ecf6bafffa200ad6ac53360730b87b21	Matei 2:1-12	προσκυνέω	a se pleca, a aduce omagiu, a se închina.	unique	G4352 προσκυνέω	to worship @ TBESG line 4482
7	85e8cecb1f12a89ac73eefaf6c92697047ec1569732bb90ecc0ab01a91b7152b	sha256:579be23bc8dae311ddb7e4f149bb42b342645ae9c0c8753d85473f105df689d7	Matei 3:1-12	μετανοεῖτε	pocăiți-vă; verbul μετανοέω înseamnă a se pocăi, a-și schimba gândirea.	unique	G3340 μετανοέω	to repent @ TBESG line 3453
8	eb193d5be0831d147b69ad25698dbe6a55e71f3b0ae869dc3081d90a9ee90600	sha256:bb75de4b31b86319775ab4b0a5d144fcd5c17b61c238758a916ee0ece6438467	Matei 3:1-12	καρπός	rod, fruct; figurat, rezultat.	ambiguous	G2590:καρπός || G7804:καρπός	fruit@TBESG line 2781 || wrist@TBESG line 7584
9	b9a8fd59f51c4355f3ce64cb32d741a916984d9c4c7d34a20af74d84ff0a329d	sha256:c0109d7df12249780b1df39c43610925865a786840d7295bbb0cd0577b22671d	Matei 3:13-17	βαπτίζω	a boteza; în uz literal, a cufunda sau a scufunda.	unique	G0907 βαπτίζω	to baptize @ TBESG line 1025
10	f8be3254b33eb7cef4e9fb199d5f4bbe76b6950de4e068dce3f81472656b71c7	sha256:40fc775438cd40e662dbefc783755ad0e8af70d27c8ba8f949076f49d5194fab	Matei 3:13-17	ἀγαπητός	iubit, preaiubit. Mărturia Tatălui despre Fiul.	unique	G0027 ἀγαπητός	beloved @ TBESG line 119
11	b52ec9557d91f7fbe29757e5c3de9bb0d8df82d2af75b5766a624a2517d91c57	sha256:89bd0be0bc9cfe5442e95f438c749d6635d6aba03579127204cb763ec2c08183	Matei 4:1-11	πειράζω	a încerca sau a ispiti. Contextul arată dacă este o probă care descoperă credincioșia ori o ademenire spre rău.	unique	G3985 πειράζω	to test/tempt: tempt / to test/tempt: test / to test/tempt: try @ TBESG lines 4104-4106
12	13c90047002f3e322384b6b54fbf8b5e2ee6301c63b5434083a4088eb26548c8	sha256:6e341e767c779d72300350c6b517b673102f090c61ae43429fc34800a5813a8e	Matei 4:18-22	δεῦτε ὀπίσω μου	veniți după Mine; literal, «veniți» + «după/în urma» + «Mine».	unique	G1205 + G3694 + G1473 δεῦτε ὀπίσω ἐγώ	come; after; I/we @ TBESG line 1337 + TBESG line 3810 + TBESG line 1605
13	4db286137a9e37f77d8d178f462a719f146d5e7e2fcd2fed753723bfd0113acd	sha256:14857dea1c6c10fce7553ebfef0e996b4789c05cec1e7b16499c03c57c82ccfa	Matei 5:1-12	μακάριοι	fericiți, binecuvântați.	unique	G3107 μακάριος	blessed @ TBESG line 3309
14	f9a0e87bd5a3c11944128ad4b0f281acffea69ad2ffa9f50ac3091db745f33e5	sha256:46edf428b47fa36bd09b226768f3df1707571df45b6cf4463e29817a08210c1a	Matei 5:1-12	πτωχοὶ τῷ πνεύματι	săraci în duh; πτωχός = sărac/nevoiaș, πνεῦμα = duh/spirit.	unique	G4434 + G3588 + G4151 πτωχός ὁ πνεῦμα	poor; the/this/who; spirit/breath: spirit / spirit/breath: breath @ TBESG line 4567 + TBESG line 3702 + TBESG lines 4276-4277
15	2c4630d247a2b961447e3d2017a9e7427271e1951f58d74d3db2738579b36cec	sha256:80184291b48627bd7a4ad331c88a282b742801b63d9bc45420aee9f942ce9cbf	Matei 5:17-20	πληρόω	a umple, a împlini, a aduce la deplinătate.	unique	G4137 πληρόω	to fulfill @ TBESG line 4262
16	511e933ac45e206c59039dc45ec11419022e10e0db773cac4e7ad290abc974ea	sha256:9a0c0ffe0404104d669ddabfbecca219173aea38893f2e6bb1fa219f4fd4af89	Matei 5:27-32	ἐπιθυμέω	a dori, a pofti, a tânji după ceva.	unique	G1937 ἐπιθυμέω	to long for @ TBESG line 2078
17	b1a68d3e53bac70fbe275da1dcdf5b97df3bd48e02d12a7d00936e180ea60bab	sha256:05352c536c8cb49d6daadca845e344d5e138bbca426dccf94b5c6b02515f80be	Matei 5:43-48	τέλειοι	desăvârșiți, compleți, maturi; ajunși la deplinătate.	unique	G5046 τέλειος	perfect @ TBESG line 5198
18	bbaea766977f2f8fbd43668bc9a07e58991774a2eae933b2c5d9e96a092ac8cb	sha256:762cd411783a320e3b3eca165c51bca8f58cf83eaf3e99dd594c8355433ffd1c	Matei 6:5-8	βατταλογήσητε	a bolborosi sau a înșira vorbe goale, ca și cum numărul lor ar produce răspunsul.	unique	βατταλογέω	@ TFLSJ line 1040
19	3e17f318d765113982b9edf885bd71fa160032a8c67abea91ff8a8e231f93e19	sha256:6f20314f9d359527da8acc85dd02c16c2e2ad69173f5da2c2198f888319bfdb3	Matei 6:9-13	ἁγιασθήτω	să fie sfințit, socotit sfânt și cinstit ca atare.	unique	G0037 ἁγιάζω	to sanctify @ TBESG line 130
20	468031bf8b5920caa580d8ec0e4e5f7302117fa28733bf00537b72581bb5cbf4	sha256:dff09cd2a96babe2c16b34226abb7dc19527f7884a87b4420eb1295ee99c6077	Matei 6:9-13	ἐπιούσιον	zilnic, pentru ziua de față sau necesar zilei; termen rar.	unique	G1967 ἐπιούσιος	daily @ TBESG line 2108
21	8a2cb8e30e5e264382f01752809ccf9208d2c747bd81d4348a5af7d2c8950a6d	sha256:938149ef02699d2f2d707410503d07c46cc2516f5e1c060cc6f38a921c4920cd	Matei 6:19-24	μαμωνᾶς	mamona, bogăție sau avere personificată ca stăpân rival.	unique	μαμωνᾶς	@ TFLSJ line 3302
22	3bae0a6584444e1ecc4cefc6bb9888a7ace4dcdd9144fa9d0da01ea1622295e3	sha256:230d01465b771f1e2657e0c4e86f5d3e35b779f74b780d8866702178bb02dedd	Matei 6:25-34	μεριμνάω	a se îngrijora, a fi preocupat sau anxios.	unique	G3309 μεριμνάω	to worry @ TBESG line 3422
23	5fe306d2e610e49ea90f1443e61b6ea7d36872b940d7acb64fa508e450e3af6a	sha256:8dfd7b13212ddca47da656786348d0898d5a877eb289ecee5b64b164d07f5b96	Matei 7:6-12	αἰτεῖτε, ζητεῖτε, κρούετε	cereți, căutați, bateți; trei forme imperative ale verbelor αἰτέω, ζητέω și κρούω.	unique	G0154 + G2212 + G2925 αἰτέω ζητέω κρούω	to ask; to seek; to knock @ TBESG line 252 + TBESG line 2356 + TBESG line 3120
24	7645811b96967af9a15ec98819b16650dbaadfd42b07758e8728ae0989a95537	sha256:bb75de4b31b86319775ab4b0a5d144fcd5c17b61c238758a916ee0ece6438467	Matei 7:15-23	καρπός	rod, fruct; figurat, rezultat.	ambiguous	G2590:καρπός || G7804:καρπός	fruit@TBESG line 2781 || wrist@TBESG line 7584
25	bb3f9fc8b24b5b0f5acfb796eb976f4e67a276edd871d3e2d0ceb47b4d888eec	sha256:97cc4f7027ed32117d04182912e1774311cb273fd32879b74f190b83108be1bd	Matei 7:15-23	ἀνομία	fărădelege, nelegiuire; ceea ce este contrar legii.	unique	G0458 ἀνομία	lawlessness @ TBESG line 565
26	a9e2ccc96107fc80eae37645dd63fba43a5e631162f4a40620b97ae68c3a4f72	sha256:85d1b7ac5669b1a3e5d0b5b5683b88cacb7617411a842d4c01bb931fcfb9fb32	Matei 8:1-4	καθαρίζω	a curăți, a purifica.	unique	G2511 καθαρίζω	to clean @ TBESG line 2692
27	d93936c2301b1b4ee71a07d06b22bbd1c8e02fa096fa84cdf6c5f15a744fa0e0	sha256:c33b3a10bee4dea0233227e3385e8dda5ecd1026ffa33739cbd9201850bd56cf	Matei 9:9-13	ἔλεος	milă, compasiune activă față de cel aflat în nevoie și vină.	unique	G1656 ἔλεος	mercy @ TBESG line 1796
28	9f8e36d6169bfc8da7f57b9c1f696ebc4cc8a1ac6e9964560d111cfb6340e9b0	sha256:e3abd70379b046b5679539895ccb3e08afbb58aa3196918887ebd3d4e92325a1	Matei 9:18-26	θάρσει	îndrăznește, prinde curaj. Cuvânt de apropiere, nu mustrare a fricii.	unique	G2293 θαρσέω	take heart @ TBESG line 2442
29	c54b35e3ce273074b203a2573026bb395f50fb1e455213f7cff8d3407d499d83	sha256:7e5efb8b323d7ed41afd4a620d9faee217405a4600e830febe951ef7f32d1412	Matei 10:24-33	φοβεῖσθε	nu vă temeți / vă temeți; formă a verbului φοβέομαι, «a se teme».	unique	G5399 φοβέω	to fear @ TBESG line 5561
30	e4fb4fdbad36b50e59e2baf47be58e642a88e7050fd836d420f29e605ed840cc	sha256:55ff0377cdd3a3a4d3652d38281780dc80b3d2878bda7186219e6c5b24b1e887	Matei 11:25-27	ἀποκαλύπτω	a descoperi, a da la o parte acoperământul ca ceva să fie cunoscut.	unique	G0601 ἀποκαλύπτω	to reveal @ TBESG line 709
31	7da3418d9c1ebe6a710f92c6ca1cfff8f09dcafb5db7301366424d0d1d14b925	sha256:c7dd7064bdf2ca7d3887bec9ea97df37fa86910676d49c3d907daf324e4dea4d	Matei 11:28-30	ἀνάπαυσις	odihnă, înviorare, încetarea poverii care apasă sufletul.	unique	G0372 ἀνάπαυσις	rest @ TBESG line 478
32	3bbcd6b2c1b301c69210e8a1054a01103369c92ab08fd6a4cfb3ec25a24b96a6	sha256:0fe47ddcd48c46d902edfb0c96883147a89ed0c6b4cfa2f4b46924f970ec8f9a	Matei 11:28-30	ζυγός	jug, piesa purtată pentru muncă; imagine a uceniciei și supunerii unui învățător.	unique	G2218 ζυγός	yoke/scales @ TBESG line 2363
33	e02b4b11a5433555ff204f040eb4fac0089bb3a2fe53a5a7ca006cf6dcecbef2	sha256:afd1674bf982a11a47f523f844bc5223b475569792a22132d1ace10040fe2431	Matei 12:22-32	βλασφημία	hulă, defăimare, vorbire insultătoare; în context, împotriva lui Dumnezeu și a lucrării Sale.	unique	G0988 βλασφημία	blasphemy @ TBESG line 1110
34	065c8e7f748e01949fa6e39488221e2130291ba86c443b238fdfa63aafed5b61	sha256:dcb9165b1dea5ef9ba226e2fa49a3afd1ecf889a7949f9cd4d28326a8c8b74c7	Matei 13:1-23	παραβολή	pildă, comparație așezată alături de realitate pentru a o descoperi și a cere răspuns.	unique	G3850 παραβολή	parable @ TBESG line 3968
35	2cfd2b896e2e8e9f1815542531e21dbe4307bb8f85a0c2fb3ed2807b6f8ed6ab	sha256:03be2007b851772065c933ac685b0103564faff6c6b89694cfc8961a5f228008	Matei 14:22-33	ἐγώ εἰμι	Eu sunt. Poate însemna «Eu sunt, nu altul» și poartă ecoul descoperirii dumnezeiești.	unique	G1473 + G1510 ἐγώ εἰμί	I/we; to be @ TBESG line 1605 + TBESG line 1650
36	18c4b83d880732e1dde81cab87782d35b5dec97de95671f8ef6d25c3f437312d	sha256:ee6a799893528f1e75565cf7d2e4eca7b7d01e2004454cd0ab55239e49d8b7cd	Matei 15:1-20	παράδοσις	tradiție, lucru transmis. Poate sluji adevărului sau îl poate anula, după conținut și autoritate.	unique	G3862 παράδοσις	tradition @ TBESG line 3980
37	6e934b0309eedee57330d19580058622c212ff5012a0a560d6fe93962f98bfa5	sha256:3eee42658ab776363b97b53a2dfd81c30bc91df02c11d697b1016743bf41322f	Matei 15:21-28	Κύριε, υἱὸς Δαυίδ	Doamne, Fiul lui David: mărturisirea mesianică a unei femei dintre neamuri.	unique	G2962 + G5207 + G1138 κύριος υἱός Δαυείδ, Δαυίδ, Δαβίδ	lord: God / lord: master; son; David @ TBESG lines 3157-3158 + TBESG line 5362 + TBESG line 1270
38	93c1ad857bab298c9dbf0c3aa9b79bab835570148c88ed022a312dfaf015df2e	sha256:39d0b7d2a6581fa0db4dfbe7006d38864dd6267045844506d65015f4ff939f28	Matei 16:13-20	πέτρος / πέτρα	Petru / stâncă. Joc de cuvinte legat de persoana și mărturisirea lui Petru; tradițiile creștine explică precis legătura în moduri diferite.	unique	G4074 + G4073 Πέτρος πέτρα	Peter; rock @ TBESG line 4196 + TBESG line 4195
39	cdced7dab4dc0fff7a0a6f8a350e3747fa1b2d7406f898c4cadbb265273efe08	sha256:61c3fd4d94293ce2e205363de4ac9c4250a35cd1764ce9b605657c1b7b91b148	Matei 16:13-20	ἐκκλησία	adunare, comunitate; aici, Biserica pe care Hristos o numește a Sa.	unique	G1577 ἐκκλησία	assembly @ TBESG line 1717
40	e3e784054c9e71e9e430b852ab89c801c8404a48f03acce89c34448289fe7be5	sha256:3e3806e3624c7f3b70489550ccafdd7d4f2ac17112de1c05d5eb9a9633f1bcf3	Matei 16:24-28	ἀπαρνησάσθω ἑαυτόν	să se lepede de sine: să renunțe la revendicarea autonomiei și a stăpânirii de sine.	unique	G0533 + G1438 ἀπαρνέομαι ἑαυτοῦ	to deny; themself @ TBESG line 641 + TBESG line 1570
41	bdf6d26030f9121d232bd4ac87abc5f5fe35b01c62c4daa8eb6fc07cc07cdb78	sha256:4b20c714d666d935cc73ba02ce28dd47e692a9a8e3cc9a8179b14f449d77dca2	Matei 18:15-20	ἔλεγξον	arată-i greșeala, mustră-l; în context, confruntarea urmărește câștigarea fratelui.	unique	G1651 ἐλέγχω	to rebuke @ TBESG line 1791
42	4c91735c2591e813c168495b1bed32a1b432c4ee455cb52cf503c87704447c59	sha256:3bf6fd6723de8ef3cad26f140d9ad7b2175cc44785b8cc3475855e88bbb7ae80	Matei 18:21-35	μυρίων ταλάντων	zece mii de talanți, o datorie intenționat uriașă și imposibil de achitat.	unique	G3463 + G5007 μύριοι τάλαντον	myriad; talent @ TBESG line 3576 + TBESG line 5159
43	9f5bb5ce31cd3c344aebd13ef1772585841fccb30f00a75ec510889541697f38	sha256:cd8ec3fc9b27a196130b64cdcd7544005c73b4600180eb0f81c8a19b96bf62a6	Matei 19:1-12	πορνεία	Imoralitate sexuală. Termenul are un câmp mai larg decât adulterul și cere interpretare în contextul întregii Scripturi.	unique	G4202 πορνεία	sexual sin @ TBESG line 4331
44	9ef227b874b6e3ae8b5395176ab5e0416c4c05a0d2125559e4bb7e2d49e729b3	sha256:861cf9cda4e7e24583e19b2df72a486fb34dde18fdf1245d6f5d2d546ced67a8	Matei 20:1-16	ὀφθαλμός ... πονηρός	literal, «ochi rău»; în context, exprimă invidia față de bunătatea stăpânului.	unique	G3788 + G4190 ὀφθαλμός πονηρός	eye; evil/bad @ TBESG line 3906 + TBESG line 4319
45	5600aa6f3f750f731b50cb0f5d6e0648820cd9906cd2eb27c0b786f53976cb73	sha256:cca309a0cde0f5917896fb90c9f6efdba89504ab1ac034669c1a8237aa2ed754	Matei 20:17-28	λύτρον	Preț de eliberare sau răscumpărare plătit pentru un rob ori un captiv.	unique	G3083 λύτρον	ransom @ TBESG line 3285
46	54775064e5a10b14543330a4b024d358eed3413a33078ad7a0ce964ff00b882e	sha256:d432d2e7d236d373d054d9630591b9d2f5a7da2e9e210821a8a3a3f32b534360	Matei 21:1-11	ὡσαννά	Redarea grecească a unei expresii ebraice: «Mântuiește, te rugăm», devenită și strigăt de laudă adresat regelui așteptat.	unique	G5614 ὡσαννά	Hosanna @ TBESG line 5789
47	dabe61095b009d96a95aa956541e6fd43ca9b15dd7326e50f3fb1a0b1db058c4	sha256:b73b8b4215112aab08c0760608c3a2aeb98e7d9fad549b20817b0273a6265532	Matei 26:17-30	διαθήκη	Legământ: relația stabilită de Dumnezeu, aici pecetluită prin sângele lui Isus.	unique	G1242 διαθήκη	covenant @ TBESG line 1374
48	9140fd3c93532f56aef317601538d615ea42b28573bf7e32ba11d0fbabd57e9d	sha256:5ca7b96461937f754ee63121107ab209aeb546b0830a515f81ed50c55a3b104d	Matei 28:16-20	μαθητεύσατε	faceți ucenici; verbul μαθητεύω înseamnă a face pe cineva ucenic.	unique	G3100 μαθητεύω	to disciple @ TBESG line 3302
49	4cabede9378668b80beea65a063e072271083ab5f9fd18131fa0f66cbe2cee66	sha256:a10f2f61eed1c2de256b06f6350d242156b6ffc4e35c342da635eeed843bda69	Marcu 1:1-3	εὐαγγέλιον	veste bună, veste binevestitoare. Evanghelia nu este o colecție de sfaturi, ci o veste care se primește și se crede.	unique	G2098 εὐαγγέλιον	gospel @ TBESG line 2240
50	e4f425366911143a65da752424c235a15ce25d3db86ed12b6d2fc9e3de6a4d8f	sha256:3e9e195893b43b773ea097026f4878d8dcba2506aa4031c07e257f741b2529b4	Marcu 1:4-8	μετανοέω	îmi schimb felul de gândire, mă întorc. Pocăința nu este numai părere de rău, ci o întoarcere care schimbă drumul.	unique	G3340 μετανοέω	to repent @ TBESG line 3453
51	ecb27309d70b6182e7204f8ee0d6092073724d6ea5bc7ef0cffe77fb34a6f9db	sha256:9fe397aea0a5c16be46b4357401bb2b50adbcaedaaaafd64588dfc8081d10720	Marcu 1:4-8	βαπτίζω	a cufunda, a scufunda; în uzul Noului Testament, a boteza. Câmpul lexical descrie sensul cuvântului; aplicația doctrinară a botezului rămâne în explicația pasajului.	unique	G0907 βαπτίζω	to baptize @ TBESG line 1025
52	336e8415cbab17384021f7d1f3128a0a520002061fc5f1892726ca47bfc0b65e	sha256:6e341e767c779d72300350c6b517b673102f090c61ae43429fc34800a5813a8e	Marcu 1:14-20	δεῦτε ὀπίσω μου	veniți după Mine; literal, «veniți» + «după/în urma» + «Mine».	unique	G1205 + G3694 + G1473 δεῦτε ὀπίσω ἐγώ	come; after; I/we @ TBESG line 1337 + TBESG line 3810 + TBESG line 1605
53	cff0d6314855254bc29c096abd7d7adf015de68e6a7cb397d4eac1d9cdbb8417	sha256:e5f96e9fe3cbb74e86ab8cbde68820f8e4e1ecdb32caea65b35da6ff08a8cf46	Marcu 1:21-28	ἐξουσία	autoritate, drept, putere de a acționa; în context, autoritatea reală a lui Isus.	unique	G1849 ἐξουσία	authority @ TBESG line 1990
54	52314782915afa1d76c115164228d2ac6554f78e245a2bbbf9c386d527912fcc	sha256:65f8e6477b5895aaff67de09d753c76e6b7cb836435be90c093de28c7184aa86	Marcu 3:1-6	ὀργή	mânie, indignare. În Marcu 3:5 termenul denumește mânia lui Isus; mâhnirea față de împietrirea inimii este exprimată separat în propoziție.	unique	G3709 ὀργή	wrath @ TBESG line 3826
55	3fbafc743a77e986e9fa3b79e9557ef75ec7235eef9b0d7aabf17872356343ee	sha256:c0d86377ad199d36557f1dbc3c58a6e56635788f8f1e1d26c26db37e3d6a2720	Marcu 3:13-19	μετ' αὐτοῦ	cu El. Scopul dintâi al chemării nu era lucrarea, ci apropierea: întâi stau cu El, apoi sunt trimiși (Marcu 3:14).	unique	G3326 + G0846 μετά αὐτός	with/after; it/s/he @ TBESG line 3439 + TBESG line 958
56	513ec04445e482410cff196b4602feea668b788de79c766ab8136c83d3dc6c30	sha256:e4cac63acf20b101f38c5362201bb6babdcc953a8a92eb1e77c60115d7e4ef0a	Marcu 3:20-30	βλασφημέω	a huli, a defăima, a vorbi insultător; în context, împotrivirea verbală față de lucrarea Duhului.	unique	G0987 βλασφημέω	to blaspheme @ TBESG line 1109
57	c1df2ba9f2f8a168f6c5dccbf1e8242f533a4d4764db0e643de98911eee876ad	sha256:7a60b12de28b1a2e28a3b9e8f5abce50be937e4b4710ec499f4835495fe0ab4d	Marcu 4:10-12	μυστήριον	taină, mister, secret; în Noul Testament poate desemna ceva ascuns și apoi descoperit de Dumnezeu.	unique	G3466 μυστήριον	mystery @ TBESG line 3579
58	3095d72c7c76fc2c98e06dfd2926aec023a74a46fcad3751a9cd1013a44359c5	sha256:528ce961809b31f9ff17fd6a09c5d711c6067f465da57c33df134e48b6cec2a2	Marcu 4:26-29	αὐτομάτη	de la sine, de ea însăși. Pământul rodește singur: creșterea nu este silită și nu este făcută de om, ci este lucrarea lui Dumnezeu.	unique	G0844 αὐτόματος	by itself @ TBESG line 956
59	2bc6a9d1a7adbe2d6ecaa32ac19bcc38150f39ef74521a550e79e3746fe93bf4	sha256:8526596dba0dc41f5d1988dca9a72d6387c224365f796a4a84b8525d07600e89	Marcu 5:1-20	λεγιών	legiune; termen latin pentru o mare unitate militară romană, folosit aici ca nume care sugerează un număr foarte mare.	unique	λεγιών	@ TFLSJ line 3174
60	44a672bb9333f93d5541d576a9344897f38fc933ff6dab12f84b84f4390c3c8d	sha256:84b58c98b68c66231b0584b8bd39df704f6a721a8757d8cd8d7a8ff34f77f151	Marcu 5:21-34	σώζω	a salva, a mântui, a izbăvi; în unele contexte, a vindeca.	unique	G4982 σῴζω	to save @ TBESG line 5134
61	dfea4ce8ca1cdf0f2e562cd925bb0f819a797592580b6a895d8a4ea40c76c5b1	sha256:17f23145972e3eaf09e4ecc02ca0f99f72ce1b624e88bfbeb58af7928cb32dce	Marcu 5:35-43	καθεύδω	a dormi; aici Isus folosește somnul ca imagine pentru moarte.	unique	G2518 καθεύδω	to sleep @ TBESG line 2699
62	7a19343c84d092b395d91237d7e10f7e840593510e18e4670fc5533015cf25b6	sha256:218b3856d9c9553d9b177d99e95dabe1e2df1d77ca9c3cfd95dae3c008158b92	Marcu 6:45-52	ἐγώ εἰμι	Eu sunt. În mijlocul fricii, Isus nu oferă întâi o explicație, ci propria Sa prezență.	unique	G1473 + G1510 ἐγώ εἰμί	I/we; to be @ TBESG line 1605 + TBESG line 1650
63	e7788d184a958570e5a9c6c3870a9c579ae0761675706f694da2913c66f18026	sha256:5fed2738c98a7a1ff585016201815ea19b4fcd6667074049fdc61d02b9155abf	Marcu 8:11-21	ζύμη	aluat. O fărâmă de aluat dospit preface tot aluatul; Isus folosește cuvântul pentru o influență care pătrunde nevăzut și stăpânește inima.	unique	G2219 ζύμη	leaven @ TBESG line 2364
64	debd6170f74486b4b08cb77af9b65f105a58743bcdeb29ac08bd594c721033ce	sha256:8a23b1365f495c4ee514744370c69d9e064627d4abd900f2bf8f08be68edefcf	Marcu 8:27-30	Χριστός	Unsul; titlul grecesc corespunzător lui Mesia/Hristos.	unique	G5547 Χριστός	Christ @ TBESG line 5715
65	55b6490098841a61dc1c3fa9ac3ac7719233a13d395679c9ba63475cf9bea4c5	sha256:9d91c51036bb6f8b813ad015fac0f16372f2cc192e6d087ae88a57bb40580f48	Marcu 8:31-38	ψυχή	suflet, viață, persoană sau sine, după context; în Marcu 8 sensul are legătură cu viața/sinele pe care omul încearcă să-l păstreze.	unique	G5590 ψυχή	soul / soul: life / soul: myself / soul: person / soul: animal @ TBESG lines 5761-5765
66	f597533b98715880147d07a012d839b62657b759cfbd4c0a67ed5ddddc3085e1	sha256:5672a5ad419bc8016f52e938a3b3a14878dd60aca05fb6b69a56e7d7ad4b18ed	Marcu 10:32-45	λύτρον	preț de răscumpărare plătit pentru eliberarea unui rob sau captiv.	unique	G3083 λύτρον	ransom @ TBESG line 3285
67	2f85d5d77570edf90d40cab82b7189d1731bda094fc7ac2f6e79b1204bf4d37e	sha256:a971144782be2e5f72ff669ef6b92d1160cbc98e76fe7444cf67137e1501dd9b	Luca 1:26-38	ῥῆμα	cuvânt, rostire, declarație; în context, cuvântul sau promisiunea lui Dumnezeu.	unique	G4487 ῥῆμα	declaration @ TBESG line 4620
68	38b1b7ef4b685c053c73248d6e62d7a72373e25edac0b038e8bbed094ac90ca7	sha256:fc99bedd0fd8a5b2fe475d8796547a423f8f974f1ac20c35517afc3183fdbee6	Ioan 1:1-5	Λόγος	cuvânt, mesaj, rostire; în Ioan 1, «Cuvântul» este titlul folosit pentru Persoana prezentată în pasaj.	unique	G3056 λόγος	word @ TBESG line 3258
69	ab5cd5548504d388c5abcf41c625febd45e2648c7791321fdbd6a3eb6de56d05	sha256:53c1d206d27e11672c69675c775eb439a495a68a87a72dbbb64bdfde90b46032	Ioan 1:1-5	ζωή	viață. La Ioan, nu numai suflare biologică, ci viață deplină care este în Fiul și se dăruiește prin El.	unique	G2222 ζωή	life @ TBESG line 2367
70	22c0c6b8171207b28cb8e55d7e9655befb1a3690155a2a71eff9ac7c3a343e87	sha256:fc7c0d33afebec9ecc9550c0a2ff478b4d0239f1875702bf699ac23881678401	Ioan 1:1-5	φῶς	lumină; în context, imagine pentru descoperire și călăuzire.	unique	G5457 φῶς	light @ TBESG line 5623
71	8f58c4adaf2058a38410dc091737bce5619d602e2dc6446e3a576d88a5155a7a	sha256:87b6f78707a6009d7323bfa4201c394c3353a6eb2d64d7822a444f4a29c4c128	Ioan 1:6-13	μαρτυρία	mărturie. Spunerea adevărului despre cine este Cineva.	unique	G3141 μαρτυρία	testimony @ TBESG line 3351
72	4f0456c57b8b1cfb43cdfff97cdcbbb1a8fc34afe6c6640fffc4c6e74dcdc98f	sha256:fa113aaa378cc23e47063a737896ecd28dc7cd0fc65f24a6d07352be3dcaa88b	Ioan 1:6-13	τέκνα θεοῦ	copii ai lui Dumnezeu. Expresia filiatiei date prin har.	unique	G5043 + G2316 τέκνον θεός	child; God @ TBESG line 5195 + TBESG line 2465
73	20e2584ac69fa1cf5131d9874a4a97b2838e93e3d1ea5d3d3ea754e623b663eb	sha256:492d907fc6957cf322c5fb778a258feb69c503557a5e9379aa6dfa3b17cf8863	Ioan 1:6-13	ἐκ θεοῦ	din Dumnezeu. Originea noii nasteri nu este omeneasca, ci dumnezeiască.	unique	G1537 + G2316 ἐκ θεός	out from; God @ TBESG line 1677 + TBESG line 2465
74	244f0b0286e214f8e7d040f846adb4080d65979d8c8ce47340be8ec69eb70146	sha256:7f4c1c4ce61c16058ac4a705db99feedbc3f6eb30d5ed907ada055f345ba19f6	Ioan 1:14-18	σὰρξ	trup, carne. Aici arată omenitatea adevărată asumată de Fiul.	unique	G4561 σάρξ	flesh @ TBESG line 4698
75	55ecf76dae024fb60633128d520ef1d00610e7fcd266b13fe4580efebfb082f4	sha256:51ff7692e690b37c9f57d4866ce1726ee2dec1518b6525e23398e4145756e013	Ioan 1:14-18	ἐσκήνωσεν	a locuit, și-a întins cortul. Cuvânt care trimite spre prezența lui Dumnezeu în mijlocul poporului.	unique	G4637 σκηνόω	to dwell @ TBESG line 4783
76	19c815e2a65cf3bcabd949f360f715aa31448e4a527d2a0d6dbdbde490a8c755	sha256:7394ea2ee689f3e6962d55ec5b7d5b8b5ad554779f119f74de1f31417a3a1796	Ioan 1:14-18	μονογενής	unic, singurul de acest fel; în context, unicitatea Fiului față de Tatăl.	unique	G3439 μονογενής	unique @ TBESG line 3552
77	dc0ff6118f7a5da7490324e88ea0e9986a418138e8310ea2e9e471bfceeaa850	sha256:379f475892dafef7fef3fa021a53439715c3742f00c674cd62709fd1e9b4da0d	Ioan 1:19-34	ἀμνός	miel. La Ioan, cuvântul trimite spre jertfa și spre purtarea pacatului.	unique	G0286 ἀμνός	lamb @ TBESG line 389
78	cc8b77f7d674aacfecdd37f693ef7f50c0ab6c52be5ddd5cb812edc813c09309	sha256:00ec0cc5f9c1e24dfa67daf20ba8add08f9e0626cb72c7e5c0af74e275edc7a0	Ioan 1:19-34	μαρτυρέω	a marturisi. A spune deschis adevărul despre cine este Hristos.	unique	G3140 μαρτυρέω	to testify @ TBESG line 3350
79	2c7d7a40c553a8d2dfc88bf50c9500a4c805d3e16ce31881a2b31a71d245db4f	sha256:10c92ee7e8069fe4183affe37daa55e981f12458f36059eea246ded121c3a8ac	Ioan 1:19-34	μένω	a rămâne. Duhul nu doar atinge, ci rămâne peste Fiul.	unique	G3306 μένω	to stay @ TBESG line 3419
80	ae192cc520d78485dd3dcbe20c3959a0868b10a514cef439a734b587266d3321	sha256:cb95ce769923a97c90a0b187aa6bfdd16b2a96dc2e17547af3805355d260f4db	Ioan 1:35-51	ῥαββί	Învățătorule. Titlul cu care ucenicii se apropie de Isus.	unique	G4461 ῥαββί	Rabbi @ TBESG line 4594
81	df8fd878afda288d9249530288775e695bdb466cf2df90be45e84504417795ea	sha256:62f0102389fb98281df529f3ef83769c09eee7d46f299fd89abbfc9cc94cf204	Ioan 1:35-51	Μεσσίας	Mesia, Unsul. Cel așteptat în făgăduințele lui Dumnezeu.	unique	G3323 Μεσσίας	Messiah @ TBESG line 3436
82	8c17a56798684592258a54d40e219addfdf6fb8582fa5adade1da2aa5a22f1a3	sha256:10c46cf4a3e2ebd1e18a6efbb8c90c41875100a23a8cccb428e7313b8a880262	Ioan 1:35-51	υἱὸς τοῦ ἀνθρώπου	Fiul omului; titlu folosit de Isus despre Sine.	unique	G5207 + G3588 + G0444 υἱός ὁ ἄνθρωπος	son; the/this/who; a human @ TBESG line 5362 + TBESG line 3702 + TBESG line 551
83	dd68d65a5370ffea2236b4b4bdb20d9df7cb61b6d158cd3fe9c90e04eb3d3b1f	sha256:b2e7236b0f28b551328eb339b9431baef591acf5f115cc9213e2c2582bae19db	Ioan 2:1-12	σημεῖον	semn. La Ioan, nu minune goala, ci lucrare care arată cine este Isus.	unique	G4592 σημεῖον	sign @ TBESG line 4730
84	a99f544ab925425e8ca9683492224b623b408b0f926b66c2f708624fc0a9c5fe	sha256:c61985f64aa0536494a66df4862837f900cebbf48d4b5cd3b94443d6a335083c	Ioan 2:1-12	ὥρα	ceasul. Vremea hotărâtă a lucrarii și a slavei lui Hristos.	unique	G5610 ὥρα	hour @ TBESG line 5785
85	e5ccef6374c2074564a1baa35553aa0c71ad166289a0000dd93d3458a4d64002	sha256:63d7fbc98a260ce34055a9cfd513926505e35c1f678d2acafe82143c78fc09a6	Ioan 2:1-12	δόξα	slavă, glorie, onoare; în context, slava arătată în Fiul.	unique	G1391 δόξα	glory @ TBESG line 1523
86	fc05a7719ffdbe08bd1af55620718c3250c2148938fa4f65af7040326863a655	sha256:ec371ddffbeadc5d9e2e15eef97d3da5a742b9d63f89aedeb4192f2cb41cbc4a	Ioan 2:13-22	ζῆλος	râvnă, zel.	unique	G2205 ζῆλος	zeal @ TBESG line 2349
87	0f78256134fee04cc4c1e601ecbdc56a9f6196c241d05623924ad2286e1a4ee2	sha256:46a5d41376408d098b23042790ba6225860d6668495a621aa82984e4aa2568a8	Ioan 2:13-22	ναός	templu. În vorba Domnului de aici, Ioan arată ca se refera la trupul Sau.	unique	G3485 ναός	temple @ TBESG line 3598
88	6965574d62716adbcfba29cd03257771a45abd034370f99d17795bf230161e66	sha256:815ac9bcf847e745ab68f5264a122024d37e2e4f5f02f2084cebdc7868961a9d	Ioan 2:23-25	πιστεύω	a crede, a se încrede. Același verb arată aici și credința oamenilor, și faptul ca Isus nu Se încredea în ei.	unique	G4100 πιστεύω	to trust (in) @ TBESG line 4224
89	85cbf464b77737683084655e0934ef3f5e1ca63ec5f1b6a4e7bcb6db7602ec46	sha256:7d9e9528defedcaed53a06d65097be40e1396dd66ab9620fec79dd86864f48a3	Ioan 2:23-25	γινώσκω	a cunoaste. La Ioan, cunoaștere reala, nu simpla informatie.	unique	G1097 γινώσκω	to know @ TBESG line 1228
90	254fb970aa7a78c6df37d7cf2d3ad3b6cc9dcf65d27c32e34b4575436b8b5fa0	sha256:417b1f9d8e41570352e0c2d31c154effaf3828d9db15eabb32cba6975906160a	Ioan 3:1-8	ἄνωθεν	din nou, de sus. La Ioan, cuvântul lasă sa se auda amândouă: naștere noua și naștere venita de sus.	unique	G0509 ἄνωθεν	from above/again @ TBESG line 617
91	4ece62acf15b2be77a9a026fe390c6901043924c0726df1c7311b42fac8a819f	sha256:5933060adc7b2a47b7e9473dd35d8da5f35c0463c69ea6efd5b49a152ef3792e	Ioan 3:1-8	πνεῦμα	duh, suflare, vant. Același cuvânt le leaga pe toate trei în vorbirea Domnului.	unique	G4151 πνεῦμα	spirit/breath: spirit / spirit/breath: breath @ TBESG lines 4276-4277
92	8852d4e7ebccb482e660cc95d5a7fa12bbd7097823faa65c56d4f9531288f63f	sha256:71a05876d3205377056060b19169926290ee6633d811797c0c1edae38d25a9e1	Ioan 3:9-21	ὑψωθῆναι	a fi înălțat. La Ioan, cuvântul priveste spre cruce și spre slava de dupa ea.	unique	G5312 ὑψόω	to lift up @ TBESG line 5468
93	79a6ebbe41f0f2dc46917a715b117ab311aff690b77b0cb5ca663576d8483517	sha256:5e9e968d77c708a27a316caea626e15ea2a3fe05bc2013e0a3de17fd14e67c44	Ioan 3:9-21	κρίσις	judecată, actul sau hotărârea de judecare.	unique	G2920 κρίσις	judgment @ TBESG line 3115
94	5800acb0e610da0917a4f92c07cba14c0e010819ad1025e1b585c3dcd90b6aca	sha256:d838aa235cca4dd0dfd6f245323748d32dd8ea491225ca3c3d28b83fb4e3ec7e	Ioan 3:22-36	νυμφίος	mire. Imagine a bucuriei și a implinirii legamantului.	unique	G3566 νυμφίος	bridegroom @ TBESG line 3680
95	b30b4beaaf93a6e3a9b2a17a300991388512845e89f7cd099eafc2adf6dcbe87	sha256:0c620d0a49bdff166e89f3e94742897005feff38592d74798445afc6102b30cc	Ioan 3:22-36	μένει	rămâne. La finalul capitolului, mânia lui Dumnezeu nu vine abia atunci, ci rămâne peste omul care refuză pe Fiul.	unique	G3306 μένω	to stay @ TBESG line 3419
96	aa6679a461d8e9ec786f1073b708b3813a93e47844c15e1ecd95d07275db3d14	sha256:42316acc4c9b56dcd18bd6c67213c3101cf124ee878579505932e6e63b5bccbb	Ioan 4:1-26	δωρεά	dar. Accentul cade pe ceea ce Dumnezeu da, nu pe ce poate aduce omul.	unique	G1431 δωρεά	free gift @ TBESG line 1563
97	76eadd9fc3775ae5a48f33de378d0c5e785c3c3e02d5a88e1aeaa563fc377ce6	sha256:48bc8fbb249771953bc71a88259addc2b42d4d45b71e75536688f7f7b41fb16e	Ioan 4:1-26	ὕδωρ ζῶν	apa vie. Apa curgatoare, dar la Ioan și imagine a vieții date de Hristos.	unique	G5204 + G2198 ὕδωρ ζάω	water; to live @ TBESG line 5359 + TBESG line 2341
98	242c9b2768286b026bca6dcdf2fb87f2ae911b80cd1e0eef4ed6b5a863535fb8	sha256:10319728a79d7d59bd85ffe4d11a7baadf0f95498876ec7a834dfc81577e04a6	Ioan 4:1-26	προσκυνέω	a se inchina. A se pleca inaintea lui Dumnezeu cu cinstire și adevăr.	unique	G4352 προσκυνέω	to worship @ TBESG line 4482
99	772928f0106a504158b26e63a58c636c97e63364c3c7dbccd05cb892f54bd1b2	sha256:45952ecfee89414a67216d38f8e4af9d605d34a07243daf78595a56f2aa75e16	Ioan 4:27-42	μαρτυρία	mărturie. Adevăr spus despre lucrarea și Persoana lui Hristos.	unique	G3141 μαρτυρία	testimony @ TBESG line 3351
100	83fa3235ce313b76c6bfce2b9c843db1f0ca8650742acb8afb7afced16ab614b	sha256:546d469f4d00e1bfca2adca4ae95695e0aa677ceedd076460616241b445021e1	Ioan 4:27-42	σωτὴρ τοῦ κόσμου	Mântuitorul lumii. Mărturisire larga despre intinderea mântuirii aduse de Fiul.	unique	G4990 + G3588 + G2889 σωτήρ ὁ κόσμος	savior; the/this/who; world @ TBESG line 5142 + TBESG line 3702 + TBESG line 3084
101	2f6949597e64790905730d2614a17555792de7c24bfdf8dbe40cf1084f5f9f21	sha256:64994f7ee5a71e61be9f7c0da3d53920969036a38a610718d0624ecbaa6215c4	Ioan 4:43-54	πιστεύω	a crede, a se încrede. La Ioan, credința adevărată se sprijină pe Fiul și pe cuvântul Lui.	unique	G4100 πιστεύω	to trust (in) @ TBESG line 4224
102	3f8c1deec1a5705c2b1a5ad59f6dd18667f75e6f7dc9c084809403bc6dba2c30	sha256:890ff20d438671bee6a0c02ac3b54b11149ae9cb54473fe163ff28d8b886a6ed	Ioan 4:43-54	ζῇ	traieste. Cuvânt scurt și puternic prin care Domnul aduce viață și mângâiere.	unique	G2198 ζάω	to live @ TBESG line 2341
103	dca1917e723220882dbc86b635f838e178095fec9b8dc6d47017d13cb9e541d7	sha256:3683f4d249445f8e6e41c296e6700a7dd6c80f98a442dfd3b6de8bf56afd15d0	Ioan 5:1-18	σάββατον	Sabat. Ziua odihnei, aici devenita loc de conflict cu privire la adevărata ei implinire.	unique	G4521 σάββατον	Sabbath @ TBESG line 4655
104	82946550c758575b832dee81260af40a92b1a497263d7f22542fbe304282b6ac	sha256:ebc2849f15575b73c989d19ca63660dc7adc6cb87fcfa237e7b0acd1b5a0552c	Ioan 5:19-30	ζωὴν ἐν ἑαυτῷ	viață în Sine; ζωή = viață, ἐν = în, ἑαυτῷ = în Sine/în el însuși.	unique	G2222 + G1722 + G1438 ζωή ἐν ἑαυτοῦ	life; in/on/among; themself @ TBESG line 2367 + TBESG line 1863 + TBESG line 1570
105	7746c2bdb1efe61d87cda5707895b22e663cd600af37ad0b3bcd943eb86375e2	sha256:5e9e968d77c708a27a316caea626e15ea2a3fe05bc2013e0a3de17fd14e67c44	Ioan 5:19-30	κρίσις	judecată, actul sau hotărârea de judecare.	unique	G2920 κρίσις	judgment @ TBESG line 3115
106	a586f1a9829f64e4351a7f6dd0602ae55dbb20abf3471225e52bb4fab0b71093	sha256:595bc617607895f20274a8e369fa94c7b3c9267a332c878007235868efc08ba0	Ioan 5:19-30	τιμῶσι	să cinstească, să onoreze; în context, cinstirea Fiului.	unique	G5091 τιμάω	to honor @ TBESG line 5246
107	f1962cc613dd971b8eadc661e27f9d9bb5e143e94ad37e460d36763904636a2f	sha256:41de7065b14f2a1701713ae1a49006ad35258194344140c706f9e24a2c886f91	Ioan 5:31-47	μαρτυρία	mărturie. Adeverirea identitatii lui Hristos din mai multe directii.	unique	G3141 μαρτυρία	testimony @ TBESG line 3351
108	0b95e7771998194fa44419b85e3187bca075817875c1365fd6190b5d199f11cb	sha256:278ff98ece78df011d62dceb7663aa026cf26124adf8acb51e723063aba4bbdf	Ioan 5:31-47	δόξα	slava. Aici și în sensul de onoare omeneasca pe care oamenii și-o dau unii altora.	unique	G1391 δόξα	glory @ TBESG line 1523
109	96a0e81cabebefce72540f5a09368a480c8069b5f42342717b8edbdacc10b5d5	sha256:5ea63595c30f0ba83796e60a3279949997c13f68b6546371459c3ae4de2ae5f8	Ioan 6:1-21	σημεῖον	semn. Lucrare care arată cine este Hristos, nu doar puterea Lui.	unique	G4592 σημεῖον	sign @ TBESG line 4730
110	828d53dcf60484e2b7c7ac90ea924aabd1ba312b013854847438ae8086ae7f67	sha256:9a5cecfbed2290e9537db092d49aea9ae0bb569f2f3414f9a3973e931fc7db33	Ioan 6:1-21	ἐγώ εἰμι	Eu sunt. Formula grea de prezența și autoritate rostita de Domnul.	unique	G1473 + G1510 ἐγώ εἰμί	I/we; to be @ TBESG line 1605 + TBESG line 1650
111	c6353469398bb74b5496f975191da93ba18807d02a98b50b9ad2a4df79caf146	sha256:8c3e74e5f0084d9fb06b0ddc4343799597c43fd89982cf64ab01f16d3783f0ae	Ioan 6:22-59	ἄρτος τῆς ζωῆς	Pâinea vieții. Hristos ca hrana adevărată și de neocolit a sufletului.	unique	G0740 + G3588 + G2222 ἄρτος ὁ ζωή	bread; the/this/who; life @ TBESG line 849 + TBESG line 3702 + TBESG line 2367
112	124e103d13772b3d49ad388ba1efa338b4b693877f6ba991992edb06629ced37	sha256:f43c02806612fad8c9bc91e42da04864d63e839d85fa250c4be1a870c6c37e2f	Ioan 6:22-59	ἕλκω	a atrage. Lucrarea Tatalui care aduce omul la Fiul.	unique	G1670 ἕλκω	to draw/persuade @ TBESG line 1811
113	e72b99f50539e2adcaf18020cf8c38debb0104cf57b7835230da608ba095f2fd	sha256:83e2ef74b2025c7c93818e15f9d5bd596a4e4b9d2f775376f62df2e4ac75c825	Ioan 6:22-59	μένω	a rămâne. Legătura vie și statornică dintre credincios și Hristos.	unique	G3306 μένω	to stay @ TBESG line 3419
114	b23597dad359d8c7aebdac8b20825879602c5a2dda3d3284ae0f5d735e3e8440	sha256:8f3df03c1475ae468727175d1324c324b3c27c51856efbfb2193ef358d727ea6	Ioan 6:60-71	ῥήματα ζωῆς αἰωνίου	cuvintele vieții veșnice. Vorbirea lui Hristos ca izvor de viață.	unique	G4487 + G2222 + G0166 ῥῆμα ζωή αἰώνιος	declaration; life; eternal @ TBESG line 4620 + TBESG line 2367 + TBESG line 265
115	fbcf70e4de3c69ecc6bbe5ba555fb7f5532f545499eecb12f495c44e51bceaef	sha256:07ad954847ee1fb09a1bee81f89d86292c312c077577e88ba4f18ee602a73a3e	Ioan 6:60-71	σκανδαλίζω	a poticni, a scandaliza. Cuvântul adevărului loveste în așteptările firii.	unique	G4624 σκανδαλίζω	to cause to stumble @ TBESG line 4770
116	45603208b59bbd0b824dc082cff55aa5ff5bc28b723a59dd5192deaec095e3a1	sha256:f28c0f7069e9c1fc3fd88a5beb31b3096e0f7f6ea61556d05b6d938bb8d9bee3	Ioan 7:1-24	καιρός	vreme, ceas potrivit. Timp hotarat în rânduiala lui Dumnezeu.	unique	G2540 καιρός	time/right time @ TBESG line 2723
117	10132b51091fd6a292b52198fd43bd8b42de8f0c09789d2d762b34ac708a1d59	sha256:54eafb8bae701e5eaec7a35dee6b31b1c2c659a425face3b0d2b4427d96e303e	Ioan 7:1-24	δόξα	slava. Onoarea pe care omul o cauta pentru sine sau o da lui Dumnezeu.	unique	G1391 δόξα	glory @ TBESG line 1523
118	fedeb3e0a38baab8ea49b97df3d53601e77c08caeaf7489f272d3f57360915cf	sha256:a51b6957ff10b73a7fa29ed03780b2e089dd8ec82bdf17712ddac2e4e1281b05	Ioan 7:25-39	διψάω	a înseta. Foamea adâncă a omului după viața lui Dumnezeu.	unique	G1372 διψάω	to thirst @ TBESG line 1504
119	e7daa3752f47c5538b77b050e182b9d4c76797ec4e1717df3f7e880d9fd85e39	sha256:7f4e79a8f4c57585a1de9301fcf772c43d2db49dc33af06e4509299e58d8a8e1	Ioan 7:25-39	ποταμοὶ ὕδατος ζῶντος	rauri de apa vie. Imagine a vieții Duhului care se revarsa.	unique	G4215 + G5204 + G2198 ποταμός ὕδωρ ζάω	river; water; to live @ TBESG line 4344 + TBESG line 5359 + TBESG line 2341
120	d2dad7ecc89c3b36df3923daf38c109403ef6aa6ceca51d37c8ed5e251940537	sha256:772f89b042993fc2007eb6f2f273496961c791e3757b6d39067b6f915db1ddb5	Ioan 7:25-39	ἐδοξάσθη	a fost proslăvit. La Ioan, slava Fiului trece prin cruce, înviere și înălțare.	unique	G1392 δοξάζω	to glorify @ TBESG line 1524
121	e2e012bb225aa3398b89d88f924dfa645fcab0744193ab5ebf1ba08445d5f984	sha256:2f04cb3b4732c18a8c97e95503ba01eccf05d5f00004d9cc7b13fe6175db4ac7	Ioan 7:40-53	σχίσμα	dezbinare. Rupere produsa de raspunsurile diferite date lui Hristos.	unique	G4978 σχίσμα	split @ TBESG line 5130
122	a15ce67708d74e88c0418196cb6afaa75bf9b42b1894d34e0fe096cead163f07	sha256:96b5b7b694bca9518c1dc3d866421518798e9d21a1b3379a4a5c148e33392be2	Ioan 7:40-53	πλανάω	a duce în rătăcire. Acuzatia adusa Domnului de cei împotrivitori.	unique	G4105 πλανάω	to lead astray @ TBESG line 4230
123	fd36b10a216fbc1aa56a38834f0f2136529c7493779783af71c7dd92f80a6c1d	sha256:bb9fb77dbef1730da707c9dee656ff135a36dd22f5702859aef4ce405f12b469	Ioan 8:1-20	φῶς τοῦ κόσμου	Lumina lumii. Hristos ca descoperire, călăuzire și viață pentru om.	unique	G5457 + G3588 + G2889 φῶς ὁ κόσμος	light; the/this/who; world @ TBESG line 5623 + TBESG line 3702 + TBESG line 3084
124	c2f47583d5d7720955d68e4f962ef73aa03ab7b6297ee67cd75ca16efb862b2f	sha256:0eab22f922496447f690fd1818531cd1740bb8a33f3c1ac369119e662bb595d6	Ioan 8:1-20	μαρτυρία	mărturie. Adeverirea identitatii lui Hristos.	unique	G3141 μαρτυρία	testimony @ TBESG line 3351
125	0a465caf6f441894254053e76ad93f75f56a5609ac446f9cc5923cb01895c8ac	sha256:d7ccf6380fbcb7b662128ff19bbbabafd450d12eb7ee5df2ccc62e2d67db0f72	Ioan 8:21-47	ἀλήθεια	adevăr. La Ioan, adevăr viu și mantuitor, nu simpla informatie.	unique	G0225 ἀλήθεια	truth @ TBESG line 327
126	ef35e181c2a5201ff6b3e09dedfe9a6b368094ecc58d7730ddbdfb0aa230f011	sha256:e458b64c24b0bfc9ae275e8990129d6f5f46d782e22cc75827f214d78c49aff8	Ioan 8:21-47	ἐλευθερόω	a face slobod. Eliberarea pe care o aduce Fiul.	unique	G1659 ἐλευθερόω	to set free @ TBESG line 1799
127	ea9ddbe7382015ae6df07065c63742b9acca4db91b2d14c01e6e0385c475716d	sha256:91805f13c4262f6a72c303ff5833b733ccbfd245f91d5c61a997d121d9b6e333	Ioan 8:21-47	μένω	a rămâne. Statornicia în cuvântul lui Hristos.	unique	G3306 μένω	to stay @ TBESG line 3419
128	8dc6fe8dde306d1e6cf2ec68bd49d7047feca2a2c16b2acacca8102e417fd557	sha256:ca989cc826b81a4758de36116c93c74d4dcacab6821a91ddd29090c6f0b43437	Ioan 8:48-59	ἐγώ εἰμι	Eu sunt. Formula de auto-descoperire cu greutate dumnezeiască.	unique	G1473 + G1510 ἐγώ εἰμί	I/we; to be @ TBESG line 1605 + TBESG line 1650
129	eddacba61f5168ce6eb091887de710209fea877f32343fec88cc74f8354b9587	sha256:b14deed83f988b811b7d6b0ad8e2b65db5d5c28d4344affcd30293bc4eec541f	Ioan 8:48-59	τηρέω	a pazi. A tine cuvântul cu credinciosie, nu doar a-l auzi.	unique	G5083 τηρέω	to keep: observe / to keep: guard / to keep: protect @ TBESG lines 5235-5237
130	f9f14ada77c6378fe0f85dc9d4edcdfde0dabb3b1b8691afb09a730cb4fe3dd9	sha256:37bd42e0d21ba323ef2513a40a055f2bc00bdf43fc13c2a8637f2b7fc0b87105	Ioan 9:1-12	φῶς τοῦ κόσμου	Lumina lumii. Hristos ca lumina care descoperă și vindeca.	unique	G5457 + G3588 + G2889 φῶς ὁ κόσμος	light; the/this/who; world @ TBESG line 5623 + TBESG line 3702 + TBESG line 3084
131	4e85be8ea8871f063669782f68324e495d6e07a4f8fa453006892b68a2b09314	sha256:47d34b56b211a4417d9a81a321876ff9c8c5e3b6147ac999e9be23edf7402ff3	Ioan 9:1-12	Σιλωάμ	Siloam, tălmăcit Trimis. Nume care se potriveste cu Cel ce trimite și cu Cel trimis.	unique	G4611 Σιλωάμ	Siloam @ TBESG line 4749
132	87ba85973735e71e217d1c0531e873c69d052ce9101ff1778f766f442a292fa5	sha256:9437d7018c89babfac73b8d4f0c20e20cb10da3b30eaef7f7add0a282971ec39	Ioan 9:13-34	σημεῖα	semne. Lucrări care arată prezența și autoritatea lui Dumnezeu în Hristos.	unique	G4592 σημεῖον	sign @ TBESG line 4730
133	a56b91c661a7ed7cf4008e00863b692a7f40d9cadc754a631b8bd6033728e1fa	sha256:4323d2fa797bd067662aaffe4bc1ad0eebb63e2fbb8a0954dd1aaebe29741286	Ioan 9:13-34	συναγωγή	sinagoga. Loc al vieții religioase și sociale, din care excluderea era grea.	unique	G4864 συναγωγή	synagogue @ TBESG line 5016
134	75a05dc217b6023d54cb1d952f85406a09e84c2a387ef1abf40506eaeb511ff9	sha256:9a047da1df3ae6a2d2c742e86fc2b86d5c2fb836e7de8f4c0213258c8ccbc3fe	Ioan 9:35-41	προσκυνέω	a se inchina. Plecare inaintea lui Hristos cu credință și cinstire.	unique	G4352 προσκυνέω	to worship @ TBESG line 4482
135	76da8f072a1d78d90706e7d6bca00e68ad5f424d58ddb18330c65cbf4e95408f	sha256:f78118c42e151012158b1c3a0a11b0392d196e7f1eb0ae5f23b6abe11699a9c2	Ioan 9:35-41	κρίμα	judecata. Separarea produsa de venirea luminii.	unique	G2917 κρίμα	judgment @ TBESG line 3112
136	c1e26f4907ff4b51c02a2634beff8514f0a03a3e49151167d6fb7f91b629b548	sha256:6ab35865a1e4d76c9b64f523cc773e4678b8d8aed613f2f5ffd3a5207b29215b	Ioan 10:1-18	θύρα	usa, poarta. Hristos ca singura intrare spre mântuire și viață.	unique	G2374 θύρα	door @ TBESG line 2523
137	6bb39df24b7be72e98a0499dab3d7efd38ab979555d30baf592c2d32361ce48b	sha256:10b307a9218bfc5514d9b468ad74568d614448f1f93ebd5eddd718814300d428	Ioan 10:1-18	ποιμὴν ὁ καλός	Păstorul cel bun; ποιμήν = păstor, καλός = bun, frumos sau nobil.	unique	G4166 + G3588 + G2570 ποιμήν ὁ καλός	shepherd; the/this/who; good / Fair (Havens) @ TBESG line 4295 + TBESG line 3702 + TBESG lines 2759-2760
138	a818dbc09e31bdafc9dfed92b0453addaa42241441668a207237cc0cc513bea4	sha256:dee31e495c4fa888b22eb5adf4f814bfd8d36a51bc9fe6a9191a98fd1f4c0fd7	Ioan 10:1-18	περισσόν	din belșug, din abundență, peste măsură.	unique	G4053 περισσός	excessive @ TBESG line 4175
139	d8c4193ca48608bbfd7ab68e122e767c567c2ee193cbe2f9c74e5c6b73348fc6	sha256:9be4bcbf4a77f5821e68b65f2db15815b32ccc1e944323a57da54b1a153119b9	Ioan 10:19-30	ἁρπάζω	a smulge, a răpune prin forta. Nimeni nu poate smulge oile din mâna Lui.	unique	G0726 ἁρπάζω	to seize @ TBESG line 835
140	4a202680b915971bb91e294ad7f94c48be743e5a4465517e4b7302bad3a7ae55	sha256:bb2a6af4d3438bb016d85fc26d5fcb072f5b6aed20eabb2b839c9b2a1aa8ae12	Ioan 10:19-30	ζωὴ αἰώνιος	viață veșnică. Viață dată acum și purtata până la capăt de Hristos.	unique	G2222 + G0166 ζωή αἰώνιος	life; eternal @ TBESG lines 265,2367
141	a95afb9e85a5188209daf9606be1ae9c1213e7d689c3374545c82246294fd4ab	sha256:1d7d4ea6123ef1d8e8d7e5e85968511e9e5dc7a9dd9ffa52358efabe4b176afc	Ioan 10:19-30	ἕν	una, unul (formă neutră); în context, expresia despre Tatăl și Fiul.	ambiguous	G1520:εἷς || G1527:εἷς καθ᾽ εἷς	one@TBESG line 1660 || one by one@TBESG line 1667
142	aa278d5e725449498468fe167c681ec006bdb880e0896c83f5d75bd8611a95cd	sha256:a33b637ea468ad6d325609cc2c7349cc7fd37b3b5bdbe4d15e09a1f809c0608f	Ioan 10:31-42	βλασφημία	hula. Acuzatia adusa Domnului de potrivnici.	unique	G0988 βλασφημία	blasphemy @ TBESG line 1110
143	198125047248b93e8ff1b13b82274f908fbf99b1f916521b1748cd16d6387bf7	sha256:9d45279e196cb2c6e959cedf7f9e295d47a0f19febd0270257181987a75e5dac	Ioan 10:31-42	ἡ γραφὴ οὐ δύναται λυθῆναι	Scriptura nu poate fi desființată. Tăria și autoritatea permanenta a Scripturii.	ambiguous	G3588 + G1124 + G3364 + G1410 + G3089:ὁ γραφή οὐ μή δύναμαι λύω || G3588 + G1124 + G3756 + G1410 + G3089:ὁ γραφή οὐ δύναμαι λύω || G3588 + G1124 + G20727 + G1410 + G3089:ὁ γραφή μὴ οὐ δύναμαι λύω || G3588 + G1124 + G20852 + G1410 + G3089:ὁ γραφή οὐ μή δύναμαι λύω	the/this/who; a writing; never; be able; to loose@TBESG line 3702 + TBESG line 1255 + TBESG line 3477 + TBESG line 1542 + TBESG line 3291 || the/this/who; a writing; no; be able; to loose@TBESG line 3702 + TBESG line 1255 + TBESG line 3874 + TBESG line 1542 + TBESG line 3291 || the/this/who; a writing; isn't it?; be able; to loose@TBESG line 3702 + TBESG line 1255 + TBESG line 10356 + TBESG line 1542 + TBESG line 3291 || the/this/who; a writing; surely not; be able; to loose@TBESG line 3702 + TBESG line 1255 + TBESG line 10480 + TBESG line 1542 + TBESG line 3291
144	889996b1570261283c5834a6cc83409c539cbfba6afe8f4558a36266f5ad1f2e	sha256:29351e9b2f5e95e31a719de8c68d0eb1cdfaefc4a281b96d8e2a24422109b8fd	Ioan 11:1-27	ἀνάστασις	înviere. Ridicare din moarte prin puterea lui Dumnezeu.	unique	G0386 ἀνάστασις	resurrection @ TBESG line 492
145	ac0284208a0caf254f8d9957143b4c10d37291c9656426530ad484b17c7abde9	sha256:80c4c3bd98448ad2faef0c35f5970f4ba63e1545e31fcc972b34ed24a7a51a61	Ioan 11:1-27	ζωή	viață. La Ioan, viață deplină, aflata în Fiul.	unique	G2222 ζωή	life @ TBESG line 2367
146	8c0b2782b3d0721d80462a9fa0754506dfa3c37eba5e7178dc433097ef89158c	sha256:eae42dabb0fc40fe2b54b38f99185115eb550df974f70b5897c9c0cec64109f3	Ioan 11:28-46	ἐδάκρυσεν	a plâns. Lacrimă reala a Domnului în fața durerii și a morții.	unique	G1145 δακρύω	to weep @ TBESG line 1277
147	5368c53cfcf813602ac32c009927604bf9628b1c195c5248021dc24f1f9151a0	sha256:6a3f1aaafbe8d8b711887202ca6ccbea3a8470ffb64e3cb83ee4bc7e282b019a	Ioan 11:28-46	κράζω	a striga cu glas tare. Porunca plină de autoritate data mortului.	unique	G2896 κράζω	to cry @ TBESG line 3091
148	da791841281813161e6aa490d529e338e850252e9846afef47c84cf3bc893527	sha256:74a09ad312bb198385061142680a3c73e6675aaeed6f58d0106d1707c2d60591	Ioan 11:47-57	συνέδριον	sobor, Sinedriu. Adunarea conducătorilor religiosi.	unique	G4892 συνέδριον	council @ TBESG line 5044
149	8ca6dd9afa3b43892b127019264882b274f0c4fe69d74062bd1dfe2f4219f450	sha256:981a5c0042cc85e6a4471d77556004673324ae2e9e4ca396497fd4f7cc87a5da	Ioan 11:47-57	συναγάγῃ εἰς ἕν	sa adune într-unul. Lucrarea de strângere a copiilor lui Dumnezeu prin moartea Fiului.	ambiguous	G4863 + G1519 + G1520:συνάγω εἰς εἷς || G4863 + G1519 + G1527:συνάγω εἰς εἷς καθ᾽ εἷς	to assemble; toward; one@TBESG line 5015 + TBESG line 1659 + TBESG line 1660 || to assemble; toward; one by one@TBESG line 5015 + TBESG line 1659 + TBESG line 1667
150	c3d45286642b4d704f82cd978e3695c2233bbac6eb8a1adc4044f7fecfeef613	sha256:2354dc1e3c357af65f3b180d6578920ebdc1d86febbdc348692c36b239adf62d	Ioan 12:1-19	ὡσαννά	Osana. Strigare de rugăminte și lauda pentru mântuire.	unique	G5614 ὡσαννά	Hosanna @ TBESG line 5789
151	806a15a59c4a395026fdd9fd3654ee4bc9e82fb2bd4d8d6731bfe39765aa0fe2	sha256:af6e52cc4652fa39ba6073d24478d2ae7f489012de7a9f5b3c6cabc55c446453	Ioan 12:1-19	δόξα	slava. În Ioan, slava Fiului merge spre cruce și apoi spre proslăvire.	unique	G1391 δόξα	glory @ TBESG line 1523
152	9649ab5342b009c1ae3dff3da47bc959c4a26e22cef7cedae7d470d56a52729f	sha256:f2057fa81371d4e4473f53a476b1c3a24be1547c89a01065975b56466d772017	Ioan 12:20-36	ὑψωθῶ	voi fi înălțat. La Ioan, arată spre cruce și spre slava ei.	unique	G5312 ὑψόω	to lift up @ TBESG line 5468
153	bea68df74e890473cd0e9554843e0e0eca1d61384f9a3d87cc74a4efbc10220c	sha256:5838189b68f6abf87e41c4cf5abe0e7cfe22c1791547d92907e40fe12a60ae95	Ioan 12:20-36	κρίσις	judecata. Punerea lumii și a stăpânitorului ei sub sentinta lui Dumnezeu.	unique	G2920 κρίσις	judgment @ TBESG line 3115
154	a9fb58310d107903430bb82096ff147e7c347d004b55f8038b8826a18c6c5f89	sha256:3dd6fda1be046e2ea690cce4e6cc3a68797851bf07e13723aba315ba3047c457	Ioan 12:37-50	τὴν δόξαν τῶν ἀνθρώπων	slava oamenilor; în context, aprobarea omenească iubită mai mult decât cinstea lui Dumnezeu.	unique	G3588 + G1391 + G3588 + G0444 ὁ δόξα ὁ ἄνθρωπος	the/this/who; glory; the/this/who; a human @ TBESG line 3702 + TBESG line 1523 + TBESG line 3702 + TBESG line 551
155	8d034ad349e1cb99b10ad17913fc2b44965be1ce0f4ac84654451e914d4da80d	sha256:ec6f4f4502f0ab043f11b022267eb5173ae57fb0b4a97e555c0fdb299a289cff	Ioan 12:37-50	φῶς	lumina. Hristos ca iesire din întuneric.	unique	G5457 φῶς	light @ TBESG line 5623
156	02796d4c1bb68f481a6a14a9920b427b64ab0fbbd099d2fee6c1c0b8b0ab24ca	sha256:1b0325852929ef39d9ac888c9ee37c899a2daa35c39c4d6a819fa9e764c3404d	Ioan 13:1-17	τέλος	sfârșit, capăt, țintă; în expresia εἰς τέλος poate avea sensul «până la capăt».	unique	G5056 τέλος	goal/tax @ TBESG line 5208
157	db01381a2f1a7bb97248030281b5f3efa9f286999919016647c802361e908833	sha256:1110ecd73eab30bd5dbeb0efcc878a472c4834ef020bf53a4ed7009eca55bd54	Ioan 13:1-17	νίπτω	a spăla. Aici, spalarea picioarelor în semn de curățire și slujire.	unique	G3538 νίπτω	to wash @ TBESG line 3651
158	a048df34bd7e628a9889e6af7600178c1dc978ebc7076f15d7b053fcbd2f0d8a	sha256:98fdb46febc5b6a89a2ec8a67617bb291b178e55736f137314f2c50a24adfc65	Ioan 13:18-30	ἐταράχθη	S-a tulburat. Mișcare adâncă a sufletului în fața răului și a durerii.	unique	G5015 ταράσσω	to trouble @ TBESG line 5167
159	e086609b109f56cffe8123f4ecb20d51bd2c88e2210f505a4e4608e034c27540	sha256:2c26964a1b31f4c505570253cce24dce5fbd5da2b8b085392ad4468946ef2ffb	Ioan 13:18-30	νύξ	noapte. Întuneric real, dar și simbolic în mersul lui Iuda.	unique	G3571 νύξ	night @ TBESG line 3685
160	713031bd2f8c82a32cc4627fe2c145648cce5cbee46ad746daeea69dcd84c67e	sha256:a2f63bae21b3bdec031efd66641c28fcca7d34fe5be3759146465f563452cb7c	Ioan 13:31-38	ἐντολὴν καινὴν	poruncă nouă; ἐντολή = poruncă, καινός = nou.	unique	G1785 + G2537 ἐντολή καινός	commandment; new @ TBESG line 1926 + TBESG line 2720
161	4e9c44326467bca86653107c3787e0065fa3249c03a8261e658113e2499b02d2	sha256:ebaa668fa9c86990ebf3e4e6fd1b1688600ac046a5b3864163933e606ad5ebf8	Ioan 13:31-38	δοξάζω	a proslavi. a arăta slava prin ascultare și jertfa.	unique	G1392 δοξάζω	to glorify @ TBESG line 1524
162	11aa26451d46d1daa51bb3bea3806006b0f132f22cab0fe2071e6b40c05629a0	sha256:dca7d8099de6cf304f0bb7893be8a02d27f88a2f157cc1bc7fc66ef476aaed0f	Ioan 14:1-14	ὁδός	cale. Drumul real și unic spre Tatăl.	unique	G3598 ὁδός	road @ TBESG line 3712
163	2d058a4e250270d621473ff6a578ca4e46f1632ae4acddcc0b6062e7818a91ae	sha256:01af33f71fdf17daca16f98bbf42980a37846e12b91488f03bb56e6bf526ba24	Ioan 14:1-14	ἀλήθεια	adevăr. Adevăr viu și deplin descoperit în Fiul.	unique	G0225 ἀλήθεια	truth @ TBESG line 327
164	c22cb1360ac5af5d32051b2088222a6bc0c7edef2f685bbe5115f8b3d920f1b4	sha256:b5bca37da847a677f6217417aeaac5820e2a24f1328b1329209f904113e8cc09	Ioan 14:1-14	ζωή	viață. Viața deplină, veșnică, aflată în Hristos.	unique	G2222 ζωή	life @ TBESG line 2367
165	7e24a2ddd4e47829db7d4f3b4ff69a78794fd51fc305e0f66a6faac17a69e933	sha256:91c5f45a7af4b247bb3d61c9436d8a87f9596915bae1a0d1195c3f727de22e46	Ioan 14:15-26	παράκλητος	sfătuitor, ajutor, apărător; tradițional, Mângâietor.	unique	G3875 παράκλητος	counsellor @ TBESG line 3993
166	0af48c49a05f2344b0b8b35d2e50bb91e57ed9eceb6e23e057b84a6cd94822de	sha256:90ac69ec3e2d0ba5858f82093009dac00d290c9abb4d139e4e5bc19d48ffff60	Ioan 14:15-26	μένω	a rămâne, a locui. Prezența statornică a Duhului și a lui Hristos.	unique	G3306 μένω	to stay @ TBESG line 3419
167	a1dbeee8b419e4b26bed4b896c217839ab23eadb44a25c970cfe947c1fd434c4	sha256:5c6650b6745d7061a0a205dbeff231417bdb3f1ce5ce7377e0a7a003a6082ba3	Ioan 14:27-31	εἰρήνη	pace. Liniștea adâncă dată de Hristos.	unique	G1515 εἰρήνη	peace @ TBESG line 1655
168	f51b27e70764e4db28915017563cb81bf024a031004741cee4d43c08efb622fc	sha256:9ebd791f5cf48539112f3dd0e2bad6b122533d925892ec2fd72cec1035972c81	Ioan 14:27-31	ἄρχων τοῦ κόσμου	stăpânitorul lumii. Puterea întunericului aflată sub judecata lui Dumnezeu.	unique	G0758 + G3588 + G2889 ἄρχων ὁ κόσμος	ruler; the/this/who; world @ TBESG line 867 + TBESG line 3702 + TBESG line 3084
169	49ee18e3191582a96794b01f5b0094632d751c178edc9752a87314c74c2eba4c	sha256:f9c80d910d5b8d98e81dbfe14831c4c7ac8120a9824594cccd872e82f146a4e5	Ioan 15:1-11	μένω	a rămâne. A sta statornic, viu și legat de Hristos.	unique	G3306 μένω	to stay @ TBESG line 3419
170	828a0657e95b016e8977957b07fd289ab35468b26a4185cf1eb519a140cb3b8e	sha256:45afdf48b15757feeae2bf4620ae518b68ff573d91624c1f938ab6d559c04133	Ioan 15:1-11	καθαίρω	a curăța, a tăia spre curățire. Lucrarea Tatălui asupra mlădiței roditoare.	unique	G2508 καθαίρω	to prune @ TBESG line 2689
171	37e90c739602a4c3bab77c87ebda3b7c5f518a961d6e0bf6564651fd2346c810	sha256:1e93df891921e68be89603a6285647cd8ec91c5b2d58b62747ff4edca6fffef4	Ioan 15:1-11	καρπός	rod. Viață și lucrare născute din unirea cu Hristos.	ambiguous	G2590:καρπός || G7804:καρπός	fruit@TBESG line 2781 || wrist@TBESG line 7584
172	8851679985551018dcce9ee6697297648931d6369136c94ba9a07c3befe4a675	sha256:5d73f1f0d7bbb03224d1b34da566639039952f1e6662dc29a677bee79deb2dca	Ioan 15:12-17	φίλοι	prieteni. Cei apropiați cărora Domnul le face cunoscut ce a auzit de la Tatăl.	unique	G5384 φίλος	friendly/friend @ TBESG line 5546
173	876df777b9310a816e4d0c47af7f4e22bbe462bdc456e0573b1c895b5e43c7ed	sha256:d775c434458362cbbf014385f72f7aa8ba3b796b74bd61f265fe6678ac45c9ae	Ioan 15:12-17	τὴν ψυχὴν αὐτοῦ θῇ	să-și pună viața; θῇ este formă a verbului τίθημι, «a pune», iar ψυχή poate însemna aici «viață».	unique	G3588 + G5590 + G0846 + G5087 ὁ ψυχή αὐτός τίθημι	the/this/who; soul / soul: life / soul: myself / soul: person / soul: animal; it/s/he; to place @ TBESG line 3702 + TBESG lines 5761-5765 + TBESG line 958 + TBESG line 5242
174	33c7d596531947b31d603d98fc8227d477e62c4f59e5ea98d85509eddbeb0107	sha256:4bcdc4aa512ced2190e30fce1fa71f6f4553c8f7e3a4b05ab2d72317875a51ee	Ioan 15:18-27	κόσμος	lume; în contextul opoziției din Ioan 15, omenirea ostilă lui Hristos.	unique	G2889 κόσμος	world @ TBESG line 3084
175	dc0705f07f7e0bf5710f4f522641c62fab8466cf89d0511b259886b4fed82e9a	sha256:6220f13dfe91b6f15376eaa110d9ae8eb736b833e14b400fc4d2a0f5618fa5ea	Ioan 15:18-27	μισέω	a urî. Împotrivirea lumii față de Hristos și ai Lui.	unique	G3404 μισέω	to hate @ TBESG line 3517
176	42f7fbc22d4334c968ec9af57989344e66d2c4ac750a9d4a455e67c355908e49	sha256:b008b18ad543ad37ef0df5cc615480309ee131e9b31f4b15fa020a19d0762f7e	Ioan 15:18-27	μαρτυρέω	a mărturisi. Lucrarea Duhului și a ucenicilor despre Hristos.	unique	G3140 μαρτυρέω	to testify @ TBESG line 3350
177	5624208b57f253890ac33739594c7c2bf55dd26b1fac1b18885b1c4aa27dada9	sha256:03a47286157be421a6b971e61e35fd490167c0f8aea044fbcfdff25d0daa5c30	Ioan 16:1-15	παράκλητος	sfătuitor, ajutor, apărător; tradițional, Mângâietor; aici, Duhul Sfânt.	unique	G3875 παράκλητος	counsellor @ TBESG line 3993
178	c986b3fe7ff956b993055a370e9173d956ade2abba2235b7cd373779ee5fd0cb	sha256:1238d156123db25f6997b6b11a7aeaca3a57404426c4a63dfee1d9729b2a7994	Ioan 16:1-15	ἐλέγχω	a mustra, a convinge de vină, a expune; în context, lucrarea Duhului față de lume.	unique	G1651 ἐλέγχω	to rebuke @ TBESG line 1791
179	65f5853fa655d95e89020cabcf5a33f0cdd70ce430cd4345c89c4113da9eda9f	sha256:28835414ff76585964823e4b0699b61d3a7a7cb5184f8d4739a0ebf8d9b493ba	Ioan 16:16-24	λύπη	întristare. Durerea ucenicilor înaintea despărțirii și a crucii.	unique	G3077 λύπη	grief @ TBESG line 3279
180	b9aeb4921b195d93e98fe229927d7b66fbfe4801aad0ddfb2783a24be7a85e8b	sha256:bd8f46529b7197eb5b59fadeb5b71c34521c52ee6438cdf5dad1473d32a2e233	Ioan 16:16-24	χαρά	bucurie. Bucuria dată de Hristos și legată de învierea Lui.	unique	G5479 χαρά	joy @ TBESG line 5645
181	0f6d266548f7872e6380bdda7f22cf4eb77f24fe883b7f02d969b2a8f99adbc4	sha256:c02b4ad9637fc5a64da24f1a81236ef37b4c561177f135d62117bee805f18275	Ioan 16:25-33	θαρσεῖτε	îndrăzniți, aveți curaj. Chemare la inimă tare în Hristos.	unique	G2293 θαρσέω	take heart @ TBESG line 2442
182	d66cd959463f1e1a67820924995a586e799dc1c4bfd2d765e06bab1d5e12ebe8	sha256:a9dc240a216450ce1c2aeb489768c91e4c68eccc0bc03ea06062b034030d1660	Ioan 16:25-33	νενίκηκα	am biruit. Biruință deja câștigată și cu efect durabil.	unique	G3528 νικάω	to conquer @ TBESG line 3641
183	794b6eabbdb83b828de3f197b8e52cfc7d6977a8262613fc2a31c0508a187f2c	sha256:21068152354712ec875f3f76ff90a490da327a1ff48c959dca8d16c18242ecf0	Ioan 17:1-5	δόξα	slavă, glorie, onoare; în context, slava Fiului.	unique	G1391 δόξα	glory @ TBESG line 1523
184	a0c8e5b54ff9fa56974ac9c4274ecbab5fbbd59c501b954a42632227bd91aa23	sha256:9071e88ef9ed35d5f5b77b8b4b3fb735f43a341cd6abd9a87bd134aac72b7861	Ioan 17:1-5	ζωὴ αἰώνιος	viață veșnică. Viață în cunoașterea lui Dumnezeu prin Fiul.	unique	G2222 + G0166 ζωή αἰώνιος	life; eternal @ TBESG line 2367 + TBESG line 265
185	eee23b61670b38b3b160846ba448bf205fb80ea7bc8cec4c88b098b98be910a0	sha256:f7220b86c26f4b2f7e6518f21435596b388d747a317029933cb11287df9dfc9a	Ioan 17:6-19	ἁγιάζω	a sfinți, a pune deoparte pentru Dumnezeu.	unique	G0037 ἁγιάζω	to sanctify @ TBESG line 130
186	b7c3e5ecaa817b7aad65a5682319d8d0d3617b7d948cbadce5436fbabb2c9a6e	sha256:3bd4817fa345d832e92722da23679624ed293efc43aa0f5cb0988babe796d4da	Ioan 17:6-19	ἀλήθεια	adevăr. Realitatea descoperită de Dumnezeu, prin care El și sfințește.	unique	G0225 ἀλήθεια	truth @ TBESG line 327
187	913253b1682be517535fd4b908c2e0555a483e96ec9c4bf39ace8b069e8de7eb	sha256:0d9c3fbb0cb74bacf96f8a9d7ab4931bd41b0faf143cbfd749e2081afae55a72	Ioan 17:20-26	ἵνα πάντες ἓν ὦσιν	ca toți să fie una. Cererea Domnului pentru unitatea celor ai Lui.	ambiguous	G2443 + G3956 + G1520 + G1510:ἵνα πᾶς εἷς εἰμί || G2443 + G3956 + G1527 + G1510:ἵνα πᾶς εἷς καθ᾽ εἷς εἰμί || G3363 + G3956 + G1520 + G1510:ἵνα μή πᾶς εἷς εἰμί || G3363 + G3956 + G1527 + G1510:ἵνα μή πᾶς εἷς καθ᾽ εἷς εἰμί	in order that/to; all; one; to be@TBESG line 2600 + TBESG line 4074 + TBESG line 1660 + TBESG line 1650 || in order that/to; all; one by one; to be@TBESG line 2600 + TBESG line 4074 + TBESG line 1667 + TBESG line 1650 || lest/so that... not; all; one; to be@TBESG line 3476 + TBESG line 4074 + TBESG line 1660 + TBESG line 1650 || lest/so that... not; all; one by one; to be@TBESG line 3476 + TBESG line 4074 + TBESG line 1667 + TBESG line 1650
188	cee41d3e7ee6918dec6e631a90c96b8c19dd710519c0fcc6b91279d951678167	sha256:7f6265dcc9c2638b9375daf1b8eaac8f2a2d13dfa54b5d957405c9ef4221e7e5	Ioan 17:20-26	θέλω	vreau. Dorința hotărâtă a Fiului pentru ai Săi.	unique	G2309 θέλω	to will/desire @ TBESG line 2458
189	0c3f5174c61bd6c2e1df836524cbae8789616055502639cd7ce4de8ac2606ad4	sha256:7cb64fc003455cf102a6a59d8db628b6062970b817cb02d0bac97c0a0a1a51bb	Ioan 18:1-14	ἐγώ εἰμι	Eu sunt. Auto-descoperirea Domnului plină de autoritate.	unique	G1473 + G1510 ἐγώ εἰμί	I/we; to be @ TBESG line 1605 + TBESG line 1650
190	fe0b85eae9a62f954890ed04a55d15e45af404e173a122f5163d60dcda39a3fa	sha256:85ad95f49becffcd6f8f6e335d1e269f5ea5934e45d1f8cc7dec6296ddf328bb	Ioan 18:1-14	ποτήριον	pahar. Ceasul hotărât al suferinței primite în ascultare de la Tatăl.	unique	G4221 ποτήριον	cup @ TBESG line 4350
191	a9b330094225de53c16aa4eb6625376e478d937610624281c583e7bded2c4640	sha256:c6649d05c3ce258c5202568bd9be1b4dfcdec4f7a68db31a37739a622325c499	Ioan 18:15-27	ἀρνέομαι	a se lepăda, a nega. Refuzul de a recunoaște legătura cu Hristos.	unique	G0720 ἀρνέομαι	to deny @ TBESG line 829
192	fc851b78d6c850df79650c3fd7afa00a3a6b938e66d0d452fa2d5c6b8837e71f	sha256:4ff47f386cbd5d24c702893a1341613cacd58a369e8f46ca12ec1b74da1f5606	Ioan 18:15-27	ἀλήθεια	adevăr. Ceea ce Domnul poartă fără abatere chiar sub lovituri.	unique	G0225 ἀλήθεια	truth @ TBESG line 327
193	1d64081ef03a0163d06a66b94ad27bae19b2e8d8f7763b1ba1803be7b16bbbf0	sha256:15ec479c64b30ce75d3eac6a807dfbb073346e82709821f5be79c0e2ef4f3e74	Ioan 18:28-40	βασιλεία	împărăție. Stăpânirea reală a lui Hristos, dar nu după felul lumii.	unique	G0932 βασιλεία	kingdom @ TBESG line 1053
194	708e41fdd1eb26dd53ace8f3290f052daf10b76833a5f352318b9482f6666c92	sha256:9cab9ae028df359b997c581cdea976fccc9cb657f73c8f45cbdd5a1f29d0573c	Ioan 18:28-40	ἀλήθεια	adevăr. Realitatea lui Dumnezeu mărturisită de Hristos.	unique	G0225 ἀλήθεια	truth @ TBESG line 327
195	b6018ce0a0318dc90ae0df44699a19daaeae09e03e0653393397b34450f52ba0	sha256:f0dd1e5c4f1729113a895ffc7adb524bed4d7dbf2f294a9a97dc17f36fc0892d	Ioan 19:1-16	ἴδε ὁ ἄνθρωπος	Iată Omul. Prezentare publică a Domnului în umilința Sa.	unique	G2396 + G3588 + G0444 ἴδε ὁ ἄνθρωπος	look!; the/this/who; a human @ TBESG line 2549 + TBESG line 3702 + TBESG line 551
196	48559e9a7a18579ab1e456ebf36967f74533c7c8d7e02f1649628c0ee32da55d	sha256:e93a95441fd06168a450b19d50fa9b15fa8486f7febfb9370770e3574e995c52	Ioan 19:1-16	ἐξουσία	putere, autoritate. Autoritatea omenească stă sub cea de sus.	unique	G1849 ἐξουσία	authority @ TBESG line 1990
197	9740b13f7d46c05592c3733e55a08a45b6ae0b15e7ec83e01f2e04a1b3dc9c19	sha256:0fe373ff7a192cb13db1bc38d93bc146c5499bbfe683d168c23a4e49f61d5ea4	Ioan 19:17-30	τετέλεσται	S-a isprăvit. Lucrare dusă la capăt, împlinită pe deplin.	unique	G5055 τελέω	to finish @ TBESG line 5207
198	b9a0a1e75a48dfdf90d6d8af2ec6e691b14afc62d502aa6ee251873b60205586	sha256:c4f1ceca8df543bfca8c29f9133a4ce70b54087796954f5cc877baaff3401373	Ioan 19:17-30	παρέδωκεν τὸ πνεῦμα	a dat/a predat duhul; παρέδωκεν este formă a verbului παραδίδωμι, «a da/preda», iar πνεῦμα = duh/spirit.	unique	G3860 + G3588 + G4151 παραδίδωμι ὁ πνεῦμα	to deliver; the/this/who; spirit/breath: spirit / spirit/breath: breath @ TBESG line 3978 + TBESG line 3702 + TBESG lines 4276-4277
199	24b8261485c93388a8d8010b6ba4e34b7d07cd9e80dba77dffc57b7a85d258eb	sha256:325565466df18a2de95f95c2c67bad36c11e90b4233ff86345bedcb3e72cf328	Ioan 19:31-42	μαρτυρία	mărturie. Adeverirea văzută și spusă a adevărului.	unique	G3141 μαρτυρία	testimony @ TBESG line 3351
200	600df21c5280ce120ec99e88c1e6908ffda408b3e80ad52d94bd73110d625ce8	sha256:8e773f6dc868bafbf2d21e1e209aa95d37f2ce0fd094460d3c7de9882a0bc5a6	Ioan 19:31-42	ἐξεκέντησαν	au străpuns. Trimitere la împlinirea profeției.	unique	G1574 ἐκκεντέω	to pierce @ TBESG line 1714
201	9bc2c5c15b3512a8904e876458a62a0c60acb1bcf61b6e055e2ec99a63d87aac	sha256:9ad9e704bd1e3b5f3712c662f8cea8c7e6e2779378a6511c47b1c1bfd504f894	Ioan 20:1-18	ἀναστῆναι	a învia, a se ridica din morți.	unique	G0450 ἀνίστημι	to arise @ TBESG line 557
202	f73544934e7c97eaf0a68a357cbdf04a62ade8e3a10eeacf87162f7a98bc3472	sha256:a2492f118e68140e38b83cc0cfdcef5d1eb3e69f11bfdfa76e8ca19bfd6b405d	Ioan 20:19-29	εἰρήνη ὑμῖν	Pace vouă. Salutul plin de mângâiere al Domnului înviat.	unique	G1515 + G4771 εἰρήνη σύ	peace; you @ TBESG line 1655 + TBESG line 4919
203	33c38f43b08495c4ab6f4fce6042430f4ed98314067e5b83832481cf7ed3ce20	sha256:32cd645867c667383e970e7f358a3ace848371733833cf9323b51ea73be7d9ae	Ioan 20:19-29	ὁ κύριός μου καὶ ὁ θεός μου	Domnul meu și Dumnezeul meu. Mărturisirea lui Toma despre Hristos.	ambiguous	G3588 + G2962 + G1473 + G1499 + G3588 + G2316 + G1473:ὁ κύριος ἐγώ εἰ καί ὁ θεός ἐγώ || G3588 + G2962 + G1473 + G2532 + G3588 + G2316 + G1473:ὁ κύριος ἐγώ καί ὁ θεός ἐγώ || G3588 + G2962 + G1473 + G7048 + G3588 + G2316 + G1473:ὁ κύριος ἐγώ εἰ δὲ καί ὁ θεός ἐγώ	the/this/who; lord: God / lord: master; I/we; if also; the/this/who; God; I/we@TBESG line 3702 + TBESG lines 3157-3158 + TBESG line 1605 + TBESG line 1639 + TBESG line 3702 + TBESG line 2465 + TBESG line 1605 || the/this/who; lord: God / lord: master; I/we; and; the/this/who; God; I/we@TBESG line 3702 + TBESG lines 3157-3158 + TBESG line 1605 + TBESG line 2713 + TBESG line 3702 + TBESG line 2465 + TBESG line 1605 || the/this/who; lord: God / lord: master; I/we; but if even; the/this/who; God; I/we@TBESG line 3702 + TBESG lines 3157-3158 + TBESG line 1605 + TBESG line 6829 + TBESG line 3702 + TBESG line 2465 + TBESG line 1605
204	33dc5c1d7a7602fd8b64963bd47501517e7bf5d6faf1b95a46158438144fa31a	sha256:ccc9e05c8f5fbf79f13cbf766b7b3392f0572f4034e9258781e36cd51f67bd3a	Ioan 20:30-31	πιστεύητε	să credeți. Scopul declarat al scrierii lui Ioan.	unique	G4100 πιστεύω	to trust (in) @ TBESG line 4224
205	9124a5ac2acd6d92d06310a2a17dd833799e2d92745c04254580ad87792fb9da	sha256:1cb09dfbeb0fa02201aa819fbed1cbd68ee5a281c06a8ea70d97d8264d74c222	Ioan 20:30-31	ζωὴν ἔχητε	să aveți viață. Rodul credinței în Fiul.	unique	G2222 + G2192 ζωή ἔχω	life; to have/be @ TBESG line 2367 + TBESG line 2334
206	4375cb3bb68fd09de1dc55b12046d2d1e0594c1b35624083db751de5fd1d1494	sha256:44b39e95b3fdd6fefd3ef8c42d59707d24b69468eaceaff1ce2d384a2c76fc78	Ioan 21:1-14	φανερόω	a Se arăta, a Se face cunoscut. Manifestarea Domnului înviat.	unique	G5319 φανερόω	to reveal @ TBESG line 5475
207	013bec8c26da6fe001ee2d070352e8455f10427e91e87bf9cde676172063a091	sha256:8e2a92e37b850c6de7f6b70b1baeead94c5faf389ee158aa3e9d6c3f354cfcbd	Ioan 21:1-14	κύριός ἐστιν	Este Domnul. Recunoașterea identității lui Isus.	unique	G2962 + G1510 κύριος εἰμί	lord: God / lord: master; to be @ TBESG lines 3157-3158 + TBESG line 1650
208	f181f0d7d14158e54df23c65ae6e20015279bacb9073d10012b0a8be84d0a8c4	sha256:d1e6f0407335fe1255aed5ec484f0ac7fab5e547db834f41ca00da0f5d2ac811	Ioan 21:15-19	ἀγαπᾷς / φιλεῖς	iubești; ἀγαπάω și φιλέω pot ambele însemna «a iubi», iar o opoziție rigidă între ele nu trebuie dedusă numai din lexic.	unique	G0025 + G5368 ἀγαπάω φιλέω	to love; to love @ TBESG line 117 + TBESG line 5526
209	39da7c83712ab0501119122b11cb2e302ba607b1d3c1519d35f511a160d3bbea	sha256:4b4bb78ab76fc003af19d99243a6505043bb845c38fd333426bdd91148438c90	Ioan 21:15-19	βόσκε / ποίμαινε	paște, păstorește. Chemarea de a hrăni și îngriji turma Domnului.	unique	G1006 + G4165 βόσκω ποιμαίνω	to feed; to shepherd @ TBESG line 1128 + TBESG line 4294
210	902a4214fc1afe11c0f8285f53f447df29f880e3d9995a1473daa501ad064f1d	sha256:bc20420c1dd281f74c8f94fd15fb79288826540b1f2ee798f65b985337e6df8d	Ioan 21:20-25	ἀκολούθει μοι	urmează-Mă. Chemarea personală și continuă a Domnului.	unique	G0190 + G1473 ἀκολουθέω ἐγώ	to follow; I/we @ TBESG line 289 + TBESG line 1605
211	8e8f3634237f2705c9fb41079b5606274204c9c07b88eeb47c0661acdf2a8b1a	sha256:527042c74e00cac6a325955d447add55b185ab15d9adb9ed1e4f398d430cb186	Ioan 21:20-25	μαρτυρία	mărturie. Adeverirea scrisă despre Hristos.	unique	G3141 μαρτυρία	testimony @ TBESG line 3351
212	482be9832dc1f564d76489b76c651383821343adaa32f28e9e462fbef28b4e33	sha256:2acecf1a552962fc7656617dd4b9cfd4718978db6b6c372ce7f76352d218fbdc	Efeseni 1:1-6	υἱοθεσία	înfiere, adopție ca fiu; așezare în statutul de fiu.	unique	G5206 υἱοθεσία	adoption (as son) @ TBESG line 5361
213	a874570184b788285780f4006e070f89d51a419a476e155d2e26d72c002ff9ef	sha256:336849c2bc4db8cc45520a33c92208ceac9dc0e1913d93962573116d7b530dc5	Efeseni 2:8-10	ποίημα	lucrare, lucru făcut, operă sau creație.	unique	G4161 ποίημα	workmanship @ TBESG line 4290
214	eb8fe96b1e09ebc7d2f9c9c6d170110b1b7f2b5316e57f886fd3e86e1b500aa3	sha256:7c0aef24dd084c0faaae8ae0efec3e82fdb75da98123432b3b5671f7360edd02	Tit 2:11-14	παιδεύω	a educa, a forma, a disciplina ca pe un copil. Harul nu este numai iertare declarată, ci formare pentru o viață nouă.	unique	G3811 παιδεύω	to instruct @ TBESG line 3929
215	68c4e3ce907d429c44a08075c79f07645d0de44b3cc091c9d51bbe223a0da4bf	sha256:5ba80eca05f50ad4060871e499ae1985ed50aeae2a12f31b27870ec1bb1775db	Tit 3:3-7	παλιγγενεσία	naștere din nou, început nou. În Tit 3 descrie lucrarea mântuitoare prin care Dumnezeu aduce omul într-o viață nouă.	unique	G3824 παλιγγενεσία	regeneration @ TBESG line 3942
216	e65136562ddca1c394229c404476d8aac9d70613eba455e5c44ae14894879a73	sha256:40732d66ebc0fe11f71313720279c37f0d77357cf18a96bf26f7e94dadb8f006	Filimon 1:8-16	Ὀνήσιμος	Onesimus, nume propriu; în versetul 11 Pavel construiește un joc de cuvinte între «nefolositor» și «folositor».	unique	G3682 Ὀνήσιμος	Onesimus @ TBESG line 3798
